protein_id	protein_id_fasta	seqname	strand	nonStandardStopCodon	n_variant_AA	variant_AA	len_ref_AA	len_alt_AA
ENSP00000493376	ENSP00000493376.2	1	+	0.0	1.0	T162A(1-69511-A-G)	326	326.0
ENSP00000334393	ENSP00000334393.3	1	+	0.0	1.0	T141A(1-69511-A-G)	305	305.0
ENSP00000342313	ENSP00000342313.3	1	+	0.0	1.0	W343R(1-942451-T-C)	681	681.0
ENSP00000484643	ENSP00000484643.1	1	+	0.0	1.0	W235R(1-942451-T-C)	573	573.0
ENSP00000484256	ENSP00000484256.1	1	+	0.0	1.0	W281R(1-942451-T-C)	619	619.0
ENSP00000482138	ENSP00000482138.1	1	+	0.0	1.0	W344R(1-942451-T-C)	682	682.0
ENSP00000480870	ENSP00000480870.1	1	+	0.0	1.0	W218R(1-942451-T-C)	556	556.0
ENSP00000349216	ENSP00000349216.4	1	+	0.0	1.0	W251R(1-942451-T-C)	589	589.0
ENSP00000412228	ENSP00000412228.1	1	+	0.0	1.0	W170R(1-942451-T-C)	541	541.0
ENSP00000317992	ENSP00000317992.6	1	-	0.0	1.0	I300V(1-953279-T-C)	749	749.0
ENSP00000368720	ENSP00000368720.3	1	+	0.0	1.0	R487P(1-973858-G-C)	611	611.0
ENSP00000368717	ENSP00000368717.2	1	+	0.0	1.0	R452P(1-973858-G-C)	576	576.0
ENSP00000368719	ENSP00000368719.2	1	+	0.0	1.0	R539P(1-973858-G-C)	663	663.0
ENSP00000462558	ENSP00000462558.1	1	+	0.0	1.0	R52P(1-973858-G-C)	176	176.0
ENSP00000343864	ENSP00000343864.2	1	-	0.0	4.0	S398G(1-979496-T-C);Q406E(1-979472-G-C);E579Q(1-978953-C-G);V663A(1-976215-A-G)	676	676.0
ENSP00000414022	ENSP00000414022.3	1	-	0.0	4.0	S512G(1-979496-T-C);Q520E(1-979472-G-C);E693Q(1-978953-C-G);V777A(1-976215-A-G)	790	790.0
ENSP00000432777	ENSP00000432777.1	1	-	0.0	1.0	R273C(1-1313807-G-A)	278	278.0
ENSP00000481275	ENSP00000481275.1	1	-	0.0	1.0	P221L(1-1319063-G-A)	289	289.0
ENSP00000344411	ENSP00000344411.5	1	+	0.0	1.0	C757R(1-1334174-T-C)	852	852.0
ENSP00000428660	ENSP00000428660.1	1	+	0.0	2.0	F72L(1-1616547-T-C);M102T(1-1623412-T-C)	1066	1066.0
ENSP00000348081	ENSP00000348081.5	1	+	0.0	1.0	F72L(1-1616547-T-C)	1056	1056.0
ENSP00000428264	ENSP00000428264.1	1	+	0.0	2.0	F72L(1-1616547-T-C);M102T(1-1623412-T-C)	1005	1005.0
ENSP00000426103	ENSP00000426103.2	1	+	0.0	2.0	F72L(1-1616547-T-C);M102T(1-1623412-T-C)	1070	1070.0
ENSP00000426007	ENSP00000426007.1	1	+	0.0	2.0	F15L(1-1616547-T-C);M45T(1-1623412-T-C)	128	128.0
ENSP00000420935	ENSP00000420935.1	1	+	0.0	1.0	F15L(1-1616547-T-C)	114	114.0
ENSP00000424615	ENSP00000424615.1	1	+	0.0	1.0	M1T(1-1623412-T-C)	816	816.0
ENSP00000426128	ENSP00000426128.1	1	+	0.0	1.0	M1T(1-1623412-T-C)	969	969.0
ENSP00000478733	ENSP00000478733.1	1	-	0.0	2.0	W204R(1-1668449-A-G);R229H(1-1668373-C-T)	246	246.0
ENSP00000481694	ENSP00000481694.1	1	-	0.0	1.0	V312I(1-1668373-C-T)	405	405.0
ENSP00000484635	ENSP00000484635.1	1	-	0.0	1.0	V312I(1-1668373-C-T)	405	405.0
ENSP00000384442	ENSP00000384442.3	1	-	0.0	1.0	R93W(1-1719406-G-A)	780	780.0
ENSP00000348529	ENSP00000348529.2	1	-	0.0	1.0	R59W(1-1719406-G-A)	746	746.0
ENSP00000367905	ENSP00000367905.1	1	-	0.0	1.0	R59W(1-1719406-G-A)	746	746.0
ENSP00000422149	ENSP00000422149.1	1	-	0.0	1.0	R93W(1-1719406-G-A)	420	420.0
ENSP00000350403	ENSP00000350403.2	1	-	0.0	1.0	R93W(1-1719406-G-A)	779	779.0
ENSP00000351629	ENSP00000351629.5	1	-	0.0	1.0	R93W(1-1719406-G-A)	770	770.0
ENSP00000367900	ENSP00000367900.1	1	-	0.0	1.0	R93W(1-1719406-G-A)	783	783.0
ENSP00000462289	ENSP00000462289.1	1	-	0.0	1.0	R93W(1-1719406-G-A)	407	407.0
ENSP00000423900	ENSP00000423900.1	1	-	0.0	1.0	R93W(1-1719406-G-A)	151	151.0
ENSP00000494671	ENSP00000494671.1	1	-	0.0	1.0	K270E(1-1942086-T-C)	1046	1046.0
ENSP00000417061	ENSP00000417061.2	1	-	0.0	1.0	K853E(1-1942086-T-C)	1584	1584.0
ENSP00000491632	ENSP00000491632.1	1	+	0.0	1.0	S121P(1-2025598-T-C)	395	395.0
ENSP00000405430	ENSP00000405430.1	1	-	0.0	1.0	R15P(1-2194700-C-G)	193	193.0
ENSP00000410450	ENSP00000410450.1	1	-	0.0	1.0	R17P(1-2194700-C-G)	195	195.0
ENSP00000383709	ENSP00000383709.3	1	-	0.0	1.0	R17P(1-2194700-C-G)	170	170.0
ENSP00000367804	ENSP00000367804.2	1	-	0.0	1.0	R17P(1-2194700-C-G)	112	112.0
ENSP00000367808	ENSP00000367808.4	1	-	0.0	1.0	R17P(1-2194700-C-G)	180	180.0
ENSP00000409721	ENSP00000409721.1	1	-	0.0	1.0	R17P(1-2194700-C-G)	195	195.0
ENSP00000383710	ENSP00000383710.4	1	-	0.0	1.0	R17P(1-2194700-C-G)	189	189.0
ENSP00000411854	ENSP00000411854.1	1	+	0.0	1.0	K17R(1-2556714-A-G)	183	183.0
ENSP00000415254	ENSP00000415254.1	1	+	0.0	1.0	K17R(1-2556714-A-G)	231	231.0
ENSP00000399292	ENSP00000399292.2	1	+	0.0	1.0	K17R(1-2556714-A-G)	231	231.0
ENSP00000399533	ENSP00000399533.1	1	+	0.0	1.0	K17R(1-2556714-A-G)	231	231.0
ENSP00000386859	ENSP00000386859.1	1	+	0.0	1.0	K17R(1-2556714-A-G)	193	193.0
ENSP00000347948	ENSP00000347948.4	1	+	0.0	1.0	K17R(1-2556714-A-G)	283	283.0
ENSP00000426975	ENSP00000426975.1	1	+	0.0	1.0	S534P(1-3411794-T-C)	1178	1178.0
ENSP00000367643	ENSP00000367643.2	1	+	0.0	1.0	S533P(1-3411794-T-C)	1257	1257.0
ENSP00000421400	ENSP00000421400.1	1	+	0.0	1.0	S534P(1-3411794-T-C)	1177	1177.0
ENSP00000270722	ENSP00000270722.5	1	+	0.0	1.0	S533P(1-3411794-T-C)	1276	1276.0
ENSP00000425796	ENSP00000425796.1	1	+	0.0	1.0	S342P(1-3411794-T-C)	1084	1084.0
ENSP00000367629	ENSP00000367629.4	1	+	0.0	1.0	H370Y(1-3473163-C-T)	709	709.0
ENSP00000367624	ENSP00000367624.1	1	+	0.0	1.0	H82Y(1-3473163-C-T)	421	421.0
ENSP00000367622	ENSP00000367622.2	1	+	0.0	1.0	H82Y(1-3473163-C-T)	421	421.0
ENSP00000411936	ENSP00000411936.1	1	+	0.0	1.0	H82Y(1-3473163-C-T)	146	146.0
ENSP00000390853	ENSP00000390853.1	1	+	0.0	1.0	H74Y(1-3473163-C-T)	180	180.0
ENSP00000294599	ENSP00000294599.4	1	-	0.0	1.0	R811L(1-3499885-C-A)	1229	1229.0
ENSP00000348982	ENSP00000348982.4	1	-	0.0	2.0	S131G(1-3579915-T-C);R916L(1-3499885-C-A)	1541	1541.0
ENSP00000419033	ENSP00000419033.2	1	-	0.0	1.0	R923L(1-3499885-C-A)	1323	1323.0
ENSP00000367468	ENSP00000367468.3	1	-	0.0	1.0	F224L(1-3843220-A-G)	244	244.0
ENSP00000355306	ENSP00000355306.3	1	-	0.0	1.0	T53R(1-3891029-G-C)	243	243.0
ENSP00000473602	ENSP00000473602.1	1	+	0.0	1.0	P344L(1-6097374-C-T)	395	395.0
ENSP00000499361	ENSP00000499361.1	1	+	0.0	1.0	P344L(1-6097374-C-T)	395	395.0
ENSP00000262450	ENSP00000262450.3	1	-	0.0	1.0	S1539P(1-6124032-A-G)	1954	1954.0
ENSP00000466706	ENSP00000466706.1	1	-	0.0	1.0	S922P(1-6124032-A-G)	1060	1060.0
ENSP00000367130	ENSP00000367130.3	1	+	0.0	1.0	P96T(1-6245232-C-A)	186	186.0
ENSP00000367125	ENSP00000367125.2	1	-	0.0	1.0	R209H(1-6253878-C-T)	609	609.0
ENSP00000366934	ENSP00000366934.5	1	-	0.0	3.0	R10W(1-6554475-G-A);W50R(1-6554355-A-G);S58A(1-6554331-A-C)	702	702.0
ENSP00000331867	ENSP00000331867.6	1	+	0.0	1.0	K347E(1-6575171-A-G)	841	841.0
ENSP00000414166	ENSP00000414166.1	1	+	0.0	1.0	K273E(1-6575171-A-G)	406	406.0
ENSP00000366755	ENSP00000366755.3	1	+	0.0	1.0	L835P(1-7827433-T-C)	1210	1210.0
ENSP00000355031	ENSP00000355031.2	1	+	0.0	1.0	L827P(1-7827433-T-C)	1201	1201.0
ENSP00000482093	ENSP00000482093.1	1	+	0.0	1.0	L835P(1-7827433-T-C)	1210	1210.0
ENSP00000479223	ENSP00000479223.1	1	+	0.0	1.0	L835P(1-7827433-T-C)	1191	1191.0
ENSP00000054668	ENSP00000054668.5	1	-	0.0	1.0	T21M(1-7853370-G-A)	139	139.0
ENSP00000435280	ENSP00000435280.1	1	+	0.0	3.0	M68L(1-8949385-A-C);W122G(1-8951527-T-G);R167L(1-8951663-G-T)	179	179.0
ENSP00000366662	ENSP00000366662.2	1	+	0.0	1.0	M68L(1-8949385-A-C)	308	308.0
ENSP00000366654	ENSP00000366654.3	1	+	0.0	1.0	M68L(1-8949385-A-C)	313	313.0
ENSP00000344503	ENSP00000344503.6	1	+	0.0	1.0	P579L(1-9610776-C-T)	666	666.0
ENSP00000393626	ENSP00000393626.1	1	+	0.0	1.0	P465L(1-9610776-C-T)	552	552.0
ENSP00000423430	ENSP00000423430.1	1	+	0.0	1.0	P136L(1-9610776-C-T)	166	166.0
