	protein_id_fasta	seqname	strand	nonStandardStopCodon	n_variant_AA	variant_AA	len_ref_AA	len_alt_AA
0	ENSP00000342313.3	1	+	0.0	1.0	W343R(1-942451-T-C)	681	681.0
1	ENSP00000348529.2	1	-	0.0	1.0	R59W(1-1719406-G-A)	746	746.0
2	ENSP00000349216.4	1	+	0.0	1.0	W251R(1-942451-T-C)	589	589.0
3	ENSP00000350403.2	1	-	0.0	1.0	R93W(1-1719406-G-A)	779	779.0
4	ENSP00000351629.5	1	-	0.0	1.0	R93W(1-1719406-G-A)	770	770.0
5	ENSP00000367125.2	1	-	0.0	1.0	R209H(1-6253878-C-T)	609	609.0
6	ENSP00000367804.2	1	-	0.0	1.0	R17P(1-2194700-C-G)	112	112.0
7	ENSP00000367808.4	1	-	0.0	1.0	R17P(1-2194700-C-G)	180	180.0
8	ENSP00000367900.1	1	-	0.0	1.0	R93W(1-1719406-G-A)	783	783.0
9	ENSP00000367905.1	1	-	0.0	1.0	R59W(1-1719406-G-A)	746	746.0
10	ENSP00000383709.3	1	-	0.0	1.0	R17P(1-2194700-C-G)	170	170.0
11	ENSP00000383710.4	1	-	0.0	1.0	R17P(1-2194700-C-G)	189	189.0
12	ENSP00000384442.3	1	-	0.0	1.0	R93W(1-1719406-G-A)	780	780.0
13	ENSP00000405430.1	1	-	0.0	1.0	R15P(1-2194700-C-G)	193	193.0
14	ENSP00000409721.1	1	-	0.0	1.0	R17P(1-2194700-C-G)	195	195.0
15	ENSP00000410450.1	1	-	0.0	1.0	R17P(1-2194700-C-G)	195	195.0
17	ENSP00000412228.1	1	+	0.0	1.0	W170R(1-942451-T-C)	541	541.0
18	ENSP00000422149.1	1	-	0.0	1.0	R93W(1-1719406-G-A)	420	420.0
19	ENSP00000423900.1	1	-	0.0	1.0	R93W(1-1719406-G-A)	151	151.0
20	ENSP00000462289.1	1	-	0.0	1.0	R93W(1-1719406-G-A)	407	407.0
23	ENSP00000480870.1	1	+	0.0	1.0	W218R(1-942451-T-C)	556	556.0
25	ENSP00000482138.1	1	+	0.0	1.0	W344R(1-942451-T-C)	682	682.0
26	ENSP00000484256.1	1	+	0.0	1.0	W281R(1-942451-T-C)	619	619.0
27	ENSP00000484643.1	1	+	0.0	1.0	W235R(1-942451-T-C)	573	573.0
